Class Label,File Name
5,0.png
8,1.png
8,2.png
0,3.png
9,4.png
2,5.png
7,6.png
2,7.png
6,8.png
3,9.png
9,10.png
1,11.png
6,12.png
7,13.png
3,14.png
8,15.png
6,16.png
8,17.png
2,18.png
9,19.png
5,20.png
0,21.png
7,22.png
1,23.png
2,24.png
8,25.png
5,26.png
8,27.png
0,28.png
0,29.png
9,30.png
9,31.png
2,32.png
8,33.png
7,34.png
4,35.png
9,36.png
6,37.png
3,38.png
7,39.png
4,40.png
7,41.png
0,42.png
4,43.png
6,44.png
3,45.png
0,46.png
4,47.png
0,48.png
1,49.png
7,50.png
3,51.png
0,52.png
9,53.png
2,54.png
5,55.png
8,56.png
3,57.png
2,58.png
6,59.png
8,60.png
7,61.png
2,62.png
5,63.png
6,64.png
4,65.png
6,66.png
3,67.png
2,68.png
8,69.png
0,70.png
4,71.png
7,72.png
4,73.png
8,74.png
3,75.png
7,76.png
0,77.png
7,78.png
9,79.png
3,80.png
3,81.png
8,82.png
0,83.png
5,84.png
0,85.png
2,86.png
9,87.png
3,88.png
3,89.png
7,90.png
7,91.png
1,92.png
7,93.png
1,94.png
4,95.png
6,96.png
6,97.png
2,98.png
7,99.png
1,100.png
7,101.png
9,102.png
3,103.png
0,104.png
9,105.png
6,106.png
5,107.png
3,108.png
2,109.png
5,110.png
6,111.png
4,112.png
8,113.png
5,114.png
2,115.png
4,116.png
2,117.png
6,118.png
1,119.png
8,120.png
4,121.png
3,122.png
8,123.png
4,124.png
8,125.png
4,126.png
0,127.png
6,128.png
8,129.png
8,130.png
2,131.png
5,132.png
8,133.png
7,134.png
3,135.png
0,136.png
6,137.png
0,138.png
1,139.png
4,140.png
9,141.png
9,142.png
6,143.png
3,144.png
7,145.png
7,146.png
3,147.png
3,148.png
9,149.png
4,150.png
6,151.png
1,152.png
6,153.png
1,154.png
8,155.png
7,156.png
0,157.png
2,158.png
4,159.png
5,160.png
7,161.png
5,162.png
7,163.png
9,164.png
7,165.png
8,166.png
6,167.png
3,168.png
0,169.png
0,170.png
5,171.png
6,172.png
7,173.png
8,174.png
1,175.png
3,176.png
1,177.png
7,178.png
8,179.png
1,180.png
6,181.png
8,182.png
7,183.png
6,184.png
7,185.png
6,186.png
0,187.png
7,188.png
7,189.png
9,190.png
6,191.png
8,192.png
4,193.png
4,194.png
3,195.png
1,196.png
2,197.png
4,198.png
8,199.png
7,200.png
4,201.png
7,202.png
6,203.png
3,204.png
1,205.png
4,206.png
7,207.png
5,208.png
4,209.png
2,210.png
8,211.png
7,212.png
0,213.png
4,214.png
2,215.png
4,216.png
3,217.png
4,218.png
2,219.png
8,220.png
1,221.png
6,222.png
8,223.png
1,224.png
8,225.png
0,226.png
1,227.png
8,228.png
0,229.png
9,230.png
4,231.png
8,232.png
6,233.png
2,234.png
0,235.png
7,236.png
6,237.png
4,238.png
9,239.png
4,240.png
6,241.png
1,242.png
8,243.png
8,244.png
3,245.png
1,246.png
9,247.png
7,248.png
6,249.png
8,250.png
0,251.png
6,252.png
1,253.png
8,254.png
5,255.png
